ACT,MAJOR HEAD,MINOR HEAD,During the current year upto the end of month under review,During the corresponding month of previous year,During the previous month,During the current month
A - IPC Crime,Murder (Sec.302/303 IPC),For gain,42,4,2,0
A - IPC Crime,Murder (Sec.302/303 IPC),Over Property Dispute,21,1,0,1
A - IPC Crime,Murder (Sec.302/303 IPC),Due to Personal Vendetta or enemity,30,3,3,2
A - IPC Crime,Murder (Sec.302/303 IPC),Due to Sexual jealousy,24,4,1,4
A - IPC Crime,Murder (Sec.302/303 IPC),For dowry by burning,2,0,0,0
A - IPC Crime,Murder (Sec.302/303 IPC),For dowry by other means,9,0,1,0
A - IPC Crime,Murder (Sec.302/303 IPC),Due to Communalism,0,0,0,0
A - IPC Crime,Murder (Sec.302/303 IPC),Due to Casteism,1,0,0,0
A - IPC Crime,Murder (Sec.302/303 IPC),Witch Craft (Sorcery),1,0,0,0
A - IPC Crime,Murder (Sec.302/303 IPC),For Human Sacrifice,1,0,0,0
A - IPC Crime,Murder (Sec.302/303 IPC),Due to Terrorism/Naxalism / Extremism,0,0,0,0
A - IPC Crime,Murder (Sec.302/303 IPC),For Political Reasons,4,0,0,0
A - IPC Crime,Murder (Sec.302/303 IPC),Due to Adultery,9,1,0,2
A - IPC Crime,Murder (Sec.302/303 IPC),Civil Disputes,55,4,5,3
A - IPC Crime,Murder (Sec.302/303 IPC),Electoral Gain,0,0,0,0
A - IPC Crime,Murder (Sec.302/303 IPC),Gang Rivalry,0,0,0,0
A - IPC Crime,Murder (Sec.302/303 IPC),Love Intrigue,24,1,2,1
A - IPC Crime,Murder (Sec.302/303 IPC),Professional ,0,0,0,0
A - IPC Crime,Murder (Sec.302/303 IPC),Psychopathic/Serial Killer/Lunacy,0,0,0,0
A - IPC Crime,Murder (Sec.302/303 IPC),Rape with Murder,4,2,0,1
A - IPC Crime,Murder (Sec.302/303 IPC),Revenge/Enemity,39,8,4,5
A - IPC Crime,Murder (Sec.302/303 IPC),Sudden Quarrel,56,4,5,6
A - IPC Crime,Murder (Sec.302/303 IPC),Village Dispute,1,0,0,0
A - IPC Crime,Murder (Sec.302/303 IPC),Custodial,0,0,0,0
A - IPC Crime,Murder (Sec.302/303 IPC),Due to Other Causes,802,80,74,101
A - IPC Crime,ATTEMPT TO MURDER (Sec. 307 IPC),For Gain ,18,3,3,2
A - IPC Crime,ATTEMPT TO MURDER (Sec. 307 IPC),Over Property Dispute,73,0,7,6
A - IPC Crime,ATTEMPT TO MURDER (Sec. 307 IPC),Due to Personal Vendetta or enemity,46,13,5,6
A - IPC Crime,ATTEMPT TO MURDER (Sec. 307 IPC),Due to Sexual jealousy,11,3,1,2
A - IPC Crime,ATTEMPT TO MURDER (Sec. 307 IPC),For Dowry other Means,41,6,4,6
A - IPC Crime,ATTEMPT TO MURDER (Sec. 307 IPC),Dowry By Burning,1,1,0,0
A - IPC Crime,ATTEMPT TO MURDER (Sec. 307 IPC),Due to Communalism,5,0,1,2
A - IPC Crime,ATTEMPT TO MURDER (Sec. 307 IPC),Due to Casteism,3,0,0,1
A - IPC Crime,ATTEMPT TO MURDER (Sec. 307 IPC),Witch Craft (Sorcery),2,0,0,0
A - IPC Crime,ATTEMPT TO MURDER (Sec. 307 IPC),For Human Sacrifice,0,0,0,0
A - IPC Crime,ATTEMPT TO MURDER (Sec. 307 IPC),Terrorism /Naxalism / Extremism,0,0,0,0
A - IPC Crime,ATTEMPT TO MURDER (Sec. 307 IPC),For Political Reasons,29,2,3,3
A - IPC Crime,ATTEMPT TO MURDER (Sec. 307 IPC),Adultery,4,2,0,1
A - IPC Crime,ATTEMPT TO MURDER (Sec. 307 IPC),Electoral Gain,1,0,0,1
A - IPC Crime,ATTEMPT TO MURDER (Sec. 307 IPC),Gang Rivalry,5,0,1,2
A - IPC Crime,ATTEMPT TO MURDER (Sec. 307 IPC),Love Intrigue,8,3,2,1
A - IPC Crime,ATTEMPT TO MURDER (Sec. 307 IPC),Professional ,4,0,0,0
A - IPC Crime,ATTEMPT TO MURDER (Sec. 307 IPC),Rape,0,0,0,0
A - IPC Crime,ATTEMPT TO MURDER (Sec. 307 IPC),Revenge/Enemity,156,11,15,14
A - IPC Crime,ATTEMPT TO MURDER (Sec. 307 IPC),Sudden Quarrel,127,16,17,17
A - IPC Crime,ATTEMPT TO MURDER (Sec. 307 IPC),Village Dispute,10,0,0,1
A - IPC Crime,ATTEMPT TO MURDER (Sec. 307 IPC),Due to Other Causes,1302,106,122,157
A - IPC Crime,ATTEMPT TO MURDER (Sec. 307 IPC),Civil Disputes,249,19,31,20
A - IPC Crime,CULPABLE HOMICIDE NOT AMOUNTING TO MUDER (Sec.304 IPC),For Gain,0,0,0,0
A - IPC Crime,CULPABLE HOMICIDE NOT AMOUNTING TO MUDER (Sec.304 IPC),Over Civil Dispute,0,0,0,0
A - IPC Crime,CULPABLE HOMICIDE NOT AMOUNTING TO MUDER (Sec.304 IPC),Due to Personal Vendetta or enemity,0,0,0,0
A - IPC Crime,CULPABLE HOMICIDE NOT AMOUNTING TO MUDER (Sec.304 IPC),Due to Sexual jealousy,0,0,0,0
A - IPC Crime,CULPABLE HOMICIDE NOT AMOUNTING TO MUDER (Sec.304 IPC),For Dowry,0,0,0,0
A - IPC Crime,CULPABLE HOMICIDE NOT AMOUNTING TO MUDER (Sec.304 IPC),Due to Communalism,0,0,0,0
A - IPC Crime,CULPABLE HOMICIDE NOT AMOUNTING TO MUDER (Sec.304 IPC),Due to Casteism,0,0,0,0
A - IPC Crime,CULPABLE HOMICIDE NOT AMOUNTING TO MUDER (Sec.304 IPC),Witch Craft (Sorcery),0,0,0,0
A - IPC Crime,CULPABLE HOMICIDE NOT AMOUNTING TO MUDER (Sec.304 IPC),For Human Sacrifice,1,0,1,0
A - IPC Crime,CULPABLE HOMICIDE NOT AMOUNTING TO MUDER (Sec.304 IPC),Terrorism /Naxalism / Extremism,0,0,0,0
A - IPC Crime,CULPABLE HOMICIDE NOT AMOUNTING TO MUDER (Sec.304 IPC),For Political Reasons,0,0,0,0
A - IPC Crime,CULPABLE HOMICIDE NOT AMOUNTING TO MUDER (Sec.304 IPC),Adultery,1,0,0,0
A - IPC Crime,CULPABLE HOMICIDE NOT AMOUNTING TO MUDER (Sec.304 IPC),Property Disputes,2,0,1,0
A - IPC Crime,CULPABLE HOMICIDE NOT AMOUNTING TO MUDER (Sec.304 IPC),Electoral Gain,4,1,0,0
A - IPC Crime,CULPABLE HOMICIDE NOT AMOUNTING TO MUDER (Sec.304 IPC),Gang Rivalry,0,0,0,0
A - IPC Crime,CULPABLE HOMICIDE NOT AMOUNTING TO MUDER (Sec.304 IPC),Love Intrigue,0,0,0,0
A - IPC Crime,CULPABLE HOMICIDE NOT AMOUNTING TO MUDER (Sec.304 IPC),Professional ,0,0,0,0
A - IPC Crime,CULPABLE HOMICIDE NOT AMOUNTING TO MUDER (Sec.304 IPC),Sudden Quarrel,5,0,0,1
A - IPC Crime,CULPABLE HOMICIDE NOT AMOUNTING TO MUDER (Sec.304 IPC),Due to Other Causes,56,5,4,5
A - IPC Crime,ATTEMPT TO CULPABLE HOMICIDE NOT AMOUNTING TO MURDER (Sec. 308 IPC),For Gain,2,0,1,0
A - IPC Crime,ATTEMPT TO CULPABLE HOMICIDE NOT AMOUNTING TO MURDER (Sec. 308 IPC),Over Civil Dispute,0,0,0,0
A - IPC Crime,ATTEMPT TO CULPABLE HOMICIDE NOT AMOUNTING TO MURDER (Sec. 308 IPC),Due to Personal Vendetta or enemity,0,0,0,0
A - IPC Crime,ATTEMPT TO CULPABLE HOMICIDE NOT AMOUNTING TO MURDER (Sec. 308 IPC),Due to Sexual jealousy,0,0,0,0
A - IPC Crime,ATTEMPT TO CULPABLE HOMICIDE NOT AMOUNTING TO MURDER (Sec. 308 IPC),For Dowry,0,0,0,0
A - IPC Crime,ATTEMPT TO CULPABLE HOMICIDE NOT AMOUNTING TO MURDER (Sec. 308 IPC),Due to Communalism,0,0,0,0
A - IPC Crime,ATTEMPT TO CULPABLE HOMICIDE NOT AMOUNTING TO MURDER (Sec. 308 IPC),Due to Casteism,0,0,0,0
A - IPC Crime,ATTEMPT TO CULPABLE HOMICIDE NOT AMOUNTING TO MURDER (Sec. 308 IPC),Witch Craft (Sorcery),0,0,0,0
A - IPC Crime,ATTEMPT TO CULPABLE HOMICIDE NOT AMOUNTING TO MURDER (Sec. 308 IPC),For Human Sacrifice,0,0,0,0
A - IPC Crime,ATTEMPT TO CULPABLE HOMICIDE NOT AMOUNTING TO MURDER (Sec. 308 IPC),Terrorism /Naxalism / Extremism,0,0,0,0
A - IPC Crime,ATTEMPT TO CULPABLE HOMICIDE NOT AMOUNTING TO MURDER (Sec. 308 IPC),For Political Reasons,0,0,0,0
A - IPC Crime,ATTEMPT TO CULPABLE HOMICIDE NOT AMOUNTING TO MURDER (Sec. 308 IPC),Due to Other Causes,11,0,0,1
A - IPC Crime,ATTEMPT TO CULPABLE HOMICIDE NOT AMOUNTING TO MURDER (Sec. 308 IPC),Adultery,0,0,0,0
A - IPC Crime,ATTEMPT TO CULPABLE HOMICIDE NOT AMOUNTING TO MURDER (Sec. 308 IPC),Property Disputes,1,0,0,0
A - IPC Crime,ATTEMPT TO CULPABLE HOMICIDE NOT AMOUNTING TO MURDER (Sec. 308 IPC),Electoral Gain,1,0,0,0
A - IPC Crime,ATTEMPT TO CULPABLE HOMICIDE NOT AMOUNTING TO MURDER (Sec. 308 IPC),Gang Rivalry,0,0,0,0
A - IPC Crime,ATTEMPT TO CULPABLE HOMICIDE NOT AMOUNTING TO MURDER (Sec. 308 IPC),Love Intrigue,0,0,0,0
A - IPC Crime,ATTEMPT TO CULPABLE HOMICIDE NOT AMOUNTING TO MURDER (Sec. 308 IPC),Professional ,0,0,0,0
A - IPC Crime,ATTEMPT TO CULPABLE HOMICIDE NOT AMOUNTING TO MURDER (Sec. 308 IPC),Sudden Quarrel,1,0,0,0
A - IPC Crime,"RAPE (Sec.376, 376(A) to 376 (D) IPC)",Custodial Rape,1,0,0,1
A - IPC Crime,"RAPE (Sec.376, 376(A) to 376 (D) IPC)",Attempt to Commit,6,3,0,0
A - IPC Crime,"RAPE (Sec.376, 376(A) to 376 (D) IPC)",By a Gang,15,0,3,0
A - IPC Crime,"RAPE (Sec.376, 376(A) to 376 (D) IPC)",By Parents,0,0,0,0
A - IPC Crime,"RAPE (Sec.376, 376(A) to 376 (D) IPC)",By Hospital Staff,2,0,0,0
A - IPC Crime,"RAPE (Sec.376, 376(A) to 376 (D) IPC)",By Husband During Sepearation,5,0,0,1
A - IPC Crime,"RAPE (Sec.376, 376(A) to 376 (D) IPC)",By Neighbours,32,2,4,5
A - IPC Crime,"RAPE (Sec.376, 376(A) to 376 (D) IPC)",By Relatives,44,3,7,4
A - IPC Crime,"RAPE (Sec.376, 376(A) to 376 (D) IPC)",In Jail Custody,0,0,0,0
A - IPC Crime,"RAPE (Sec.376, 376(A) to 376 (D) IPC)",In Remand Home,0,0,0,0
A - IPC Crime,"RAPE (Sec.376, 376(A) to 376 (D) IPC)",InCest,1,0,0,0
A - IPC Crime,"RAPE (Sec.376, 376(A) to 376 (D) IPC)",Known Person,260,31,36,24
A - IPC Crime,"RAPE (Sec.376, 376(A) to 376 (D) IPC)",Unknown Person,10,3,2,1
A - IPC Crime,"RAPE (Sec.376, 376(A) to 376 (D) IPC)",Due to Other Causes,84,11,8,13
A - IPC Crime,"RAPE (Sec.376, 376(A) to 376 (D) IPC)",On Minor,0,0,0,0
A - IPC Crime,"KIDNAPPING AND ABDUCTION (Sec.360, 361, 363 to 369 IPC)",Missing - Boy,356,40,30,46
A - IPC Crime,"KIDNAPPING AND ABDUCTION (Sec.360, 361, 363 to 369 IPC)",Missing - Girl,1399,108,149,166
A - IPC Crime,"KIDNAPPING AND ABDUCTION (Sec.360, 361, 363 to 369 IPC)",For Ransom - of Children,7,0,0,1
A - IPC Crime,"KIDNAPPING AND ABDUCTION (Sec.360, 361, 363 to 369 IPC)",For Ransom - of Cildren for Begging,0,0,0,0
A - IPC Crime,"KIDNAPPING AND ABDUCTION (Sec.360, 361, 363 to 369 IPC)",For Ransom - of Women,5,2,0,0
A - IPC Crime,"KIDNAPPING AND ABDUCTION (Sec.360, 361, 363 to 369 IPC)",For Ransom - of Girls for Immoral Purpose,1,0,1,0
A - IPC Crime,"KIDNAPPING AND ABDUCTION (Sec.360, 361, 363 to 369 IPC)",For Ransom - of  Others,46,4,6,5
A - IPC Crime,"KIDNAPPING AND ABDUCTION (Sec.360, 361, 363 to 369 IPC)",Procuration of Minor Girls - For Prostitution,1,0,0,0
A - IPC Crime,"KIDNAPPING AND ABDUCTION (Sec.360, 361, 363 to 369 IPC)",Procuration of Minor Girls - Importring of Girl,1,0,1,0
A - IPC Crime,"KIDNAPPING AND ABDUCTION (Sec.360, 361, 363 to 369 IPC)",Procuration of Minor Girls - For other Purpose,19,0,3,2
A - IPC Crime,"KIDNAPPING AND ABDUCTION (Sec.360, 361, 363 to 369 IPC)",Espionage,0,0,0,0
A - IPC Crime,"KIDNAPPING AND ABDUCTION (Sec.360, 361, 363 to 369 IPC)",Intent to Steal From Child,0,0,0,0
A - IPC Crime,"KIDNAPPING AND ABDUCTION (Sec.360, 361, 363 to 369 IPC)",Murder (Homicide),2,0,0,0
A - IPC Crime,"KIDNAPPING AND ABDUCTION (Sec.360, 361, 363 to 369 IPC)",Obtain Signature Forcibly,0,0,0,0
A - IPC Crime,"KIDNAPPING AND ABDUCTION (Sec.360, 361, 363 to 369 IPC)",Recovering Loan,6,0,2,1
A - IPC Crime,"KIDNAPPING AND ABDUCTION (Sec.360, 361, 363 to 369 IPC)",Settling any Disputes,4,0,0,1
A - IPC Crime,"KIDNAPPING AND ABDUCTION (Sec.360, 361, 363 to 369 IPC)",Unnatural Lust / Illicit Intercourse,0,0,0,0
A - IPC Crime,"KIDNAPPING AND ABDUCTION (Sec.360, 361, 363 to 369 IPC)",Wrongful Confinement,14,3,0,1
A - IPC Crime,"KIDNAPPING AND ABDUCTION (Sec.360, 361, 363 to 369 IPC)",For Exporting,0,0,0,0
A - IPC Crime,"KIDNAPPING AND ABDUCTION (Sec.360, 361, 363 to 369 IPC)",From Lawful Guardianship,1,1,0,0
A - IPC Crime,"KIDNAPPING AND ABDUCTION (Sec.360, 361, 363 to 369 IPC)",For Camel Racing Etc.,0,0,0,0
A - IPC Crime,"KIDNAPPING AND ABDUCTION (Sec.360, 361, 363 to 369 IPC)",To Compel For Marriage,16,1,2,0
A - IPC Crime,"KIDNAPPING AND ABDUCTION (Sec.360, 361, 363 to 369 IPC)",For Slavery,0,0,0,0
A - IPC Crime,"KIDNAPPING AND ABDUCTION (Sec.360, 361, 363 to 369 IPC)",For Stealing From its Person,0,0,0,0
A - IPC Crime,"KIDNAPPING AND ABDUCTION (Sec.360, 361, 363 to 369 IPC)",Others,463,38,34,57
A - IPC Crime,DACOITY (Sec. 395 to 398 IPC ),At ATM,0,0,0,0
A - IPC Crime,DACOITY (Sec. 395 to 398 IPC ),At Residential Premises,35,6,1,6
A - IPC Crime,DACOITY (Sec. 395 to 398 IPC ),On Highways,26,3,0,2
A - IPC Crime,DACOITY (Sec. 395 to 398 IPC ),In Trains,0,0,0,0
A - IPC Crime,DACOITY (Sec. 395 to 398 IPC ),At Banks,0,0,0,0
A - IPC Crime,DACOITY (Sec. 395 to 398 IPC ),At Commercial Places / Establishments,11,2,1,0
A - IPC Crime,DACOITY (Sec. 395 to 398 IPC ),On Other Roads,30,3,2,5
A - IPC Crime,DACOITY (Sec. 395 to 398 IPC ),In Other Places,49,4,1,6
A - IPC Crime,DACOITY (Sec. 395 to 398 IPC ),River & Sea,1,0,0,0
A - IPC Crime,Preparation And Assembly for Dacoity,NA,343,26,36,24
A - IPC Crime,Robbery (Sec.392 to 394 IPC),At ATM,0,0,0,0
A - IPC Crime,Robbery (Sec.392 to 394 IPC),At Residential Premises,108,13,7,10
A - IPC Crime,Robbery (Sec.392 to 394 IPC),On Highways,94,7,10,10
A - IPC Crime,Robbery (Sec.392 to 394 IPC),In Trains,19,4,0,4
A - IPC Crime,Robbery (Sec.392 to 394 IPC),At Banks,2,0,0,0
A - IPC Crime,Robbery (Sec.392 to 394 IPC),At Commercial Places / Establishments,53,6,2,4
A - IPC Crime,Robbery (Sec.392 to 394 IPC),In Other Places,491,60,41,39
A - IPC Crime,Robbery (Sec.392 to 394 IPC),Chain Snatching,549,53,57,48
A - IPC Crime,Robbery (Sec.392 to 394 IPC),Attempt to Commit,45,2,9,5
A - IPC Crime,"BURGLARY - NIGHT (Sec. 380 IPC R/W 453 TO 460, 462 IPC)",At Residential Premises,1732,179,194,204
A - IPC Crime,"BURGLARY - NIGHT (Sec. 380 IPC R/W 453 TO 460, 462 IPC)",On Highways,4,1,0,1
A - IPC Crime,"BURGLARY - NIGHT (Sec. 380 IPC R/W 453 TO 460, 462 IPC)",In Trains,1,0,0,0
A - IPC Crime,"BURGLARY - NIGHT (Sec. 380 IPC R/W 453 TO 460, 462 IPC)",At Banks,60,4,6,5
A - IPC Crime,"BURGLARY - NIGHT (Sec. 380 IPC R/W 453 TO 460, 462 IPC)",At Commercial Places / Establishments,555,55,63,66
A - IPC Crime,"BURGLARY - NIGHT (Sec. 380 IPC R/W 453 TO 460, 462 IPC)",In Other Places,518,42,54,57
A - IPC Crime,"BURGLARY - NIGHT (Sec. 380 IPC R/W 453 TO 460, 462 IPC)",Temple Theft,315,36,43,42
A - IPC Crime,"BURGLARY - DAY (Sec. 380 IPC R/W 453 TO 460, 462 IPC)",At Residential Premises,563,63,52,80
A - IPC Crime,"BURGLARY - DAY (Sec. 380 IPC R/W 453 TO 460, 462 IPC)",On Highways,0,0,0,0
A - IPC Crime,"BURGLARY - DAY (Sec. 380 IPC R/W 453 TO 460, 462 IPC)",In Trains,0,0,0,0
A - IPC Crime,"BURGLARY - DAY (Sec. 380 IPC R/W 453 TO 460, 462 IPC)",At Banks,1,0,0,0
A - IPC Crime,"BURGLARY - DAY (Sec. 380 IPC R/W 453 TO 460, 462 IPC)",At Commercial Places / Establishments,31,1,7,5
A - IPC Crime,"BURGLARY - DAY (Sec. 380 IPC R/W 453 TO 460, 462 IPC)",In Other Places,34,2,4,4
A - IPC Crime,"BURGLARY - DAY (Sec. 380 IPC R/W 453 TO 460, 462 IPC)",Temple Theft,15,2,2,2
A - IPC Crime,THEFT (Sec.379 to 389 IPC),Of Sand,921,70,59,63
A - IPC Crime,THEFT (Sec.379 to 389 IPC),Attempt to Commit,31,3,2,1
A - IPC Crime,THEFT (Sec.379 to 389 IPC),Of ATM,7,0,1,0
A - IPC Crime,THEFT (Sec.379 to 389 IPC),Communication And Elec. Wire,136,15,16,20
A - IPC Crime,THEFT (Sec.379 to 389 IPC),Of Cattle,343,40,48,30
A - IPC Crime,THEFT (Sec.379 to 389 IPC),Of Cycle,75,9,18,12
A - IPC Crime,THEFT (Sec.379 to 389 IPC),Of Automobiles - Of Lorries/Trucks,132,16,8,14
A - IPC Crime,THEFT (Sec.379 to 389 IPC),Of Automobiles - Of Buses,4,0,0,1
A - IPC Crime,THEFT (Sec.379 to 389 IPC),Of Automobiles - Of Cars / Jeeps,250,29,25,29
A - IPC Crime,THEFT (Sec.379 to 389 IPC),Of Automobiles - Of Two Wheelers ,7402,802,879,788
A - IPC Crime,THEFT (Sec.379 to 389 IPC),Of Automobies - of Three Wheelers,128,9,15,22
A - IPC Crime,THEFT (Sec.379 to 389 IPC),Of Accessories of Motor Vehicle,203,16,25,32
A - IPC Crime,THEFT (Sec.379 to 389 IPC),Govt. Vehicle,2,0,0,0
A - IPC Crime,THEFT (Sec.379 to 389 IPC),"Electronic Goods (Radio, TV, VCR, Acs, Office Automation Equipments)",957,52,117,120
A - IPC Crime,THEFT (Sec.379 to 389 IPC),Of Fire Arms,8,1,1,0
A - IPC Crime,THEFT (Sec.379 to 389 IPC),Of Explosives,1,0,0,0
A - IPC Crime,THEFT (Sec.379 to 389 IPC),Of Cultural - Idols,7,0,2,2
A - IPC Crime,THEFT (Sec.379 to 389 IPC),Of Cultural - Painting,0,0,0,0
A - IPC Crime,THEFT (Sec.379 to 389 IPC),Of Cultrual - Others,161,9,15,20
A - IPC Crime,THEFT (Sec.379 to 389 IPC),Cash,358,32,38,50
A - IPC Crime,THEFT (Sec.379 to 389 IPC),Jewellery,545,30,59,63
A - IPC Crime,THEFT (Sec.379 to 389 IPC),Other Items Not Included Above,1057,90,125,135
A - IPC Crime,THEFT (Sec.379 to 389 IPC),In Running Train,38,1,11,4
A - IPC Crime,THEFT (Sec.379 to 389 IPC),Extortion,114,16,13,17
A - IPC Crime,THEFT (Sec.379 to 389 IPC),House Theft,741,95,75,89
A - IPC Crime,THEFT (Sec.379 to 389 IPC),Servant Theft,239,20,25,34
A - IPC Crime,RIOTS (Sec.141 to 153 IPC),Land Dispute,976,76,102,98
A - IPC Crime,RIOTS (Sec.141 to 153 IPC),Employee - Govt.,0,0,0,0
A - IPC Crime,RIOTS (Sec.141 to 153 IPC),Labour - Private Sector,3,1,0,1
A - IPC Crime,RIOTS (Sec.141 to 153 IPC),Labour - Public Sector,3,1,0,0
A - IPC Crime,RIOTS (Sec.141 to 153 IPC),Linguistic,0,0,0,0
A - IPC Crime,RIOTS (Sec.141 to 153 IPC),Political ,45,1,2,1
A - IPC Crime,RIOTS (Sec.141 to 153 IPC),Regional,5,0,0,1
A - IPC Crime,RIOTS (Sec.141 to 153 IPC),Sectarian,0,0,0,0
A - IPC Crime,RIOTS (Sec.141 to 153 IPC),Students,6,0,2,0
A - IPC Crime,RIOTS (Sec.141 to 153 IPC),Tribal,0,0,0,0
A - IPC Crime,RIOTS (Sec.141 to 153 IPC),Due to Village Disputes,19,0,3,1
A - IPC Crime,RIOTS (Sec.141 to 153 IPC),Communal,7,0,2,0
A - IPC Crime,RIOTS (Sec.141 to 153 IPC),Industrial,5,0,0,0
A - IPC Crime,RIOTS (Sec.141 to 153 IPC),Caste,4,0,0,0
A - IPC Crime,RIOTS (Sec.141 to 153 IPC),Agrarian,14,6,1,1
A - IPC Crime,RIOTS (Sec.141 to 153 IPC),Others,2248,175,201,251
A - IPC Crime,"OFFENCES AGAINST STATE (Sec. 121 to 130, except 124(A) IPC)",NA,0,0,0,0
A - IPC Crime,"OFFENCES PROMOTING ENEMITY (Sec. 153(A), 154(B) & 505 IPC",NA,63,4,5,6
A - IPC Crime,CRIMINAL BREACH OF TRUST,NA,350,30,33,49
A - IPC Crime,CHEATING (Sec.417 to 420 IPC),NA,4357,489,517,463
A - IPC Crime,"Stock Share, Debentrue Certificate",NA,0,0,0,0
A - IPC Crime,Usage of Counterfeit Stamp,NA,0,0,0,0
A - IPC Crime,Of Coins (Sec 231 to 254 IPC),NA,0,0,0,0
A - IPC Crime,Of Stamps (Sec.255 to 263(A) IPC),NA,0,0,0,0
A - IPC Crime,Of Currency Notes And Bank Notes (Sec. 489 (A) to 489 (E) IPC),NA,26,4,2,2
A - IPC Crime,Of Others,NA,2,1,0,0
A - IPC Crime,"FORGERY (Sec. 465, 468, 471, 473, 476, 477 & 477(A) IPC",Forgery  ,268,29,32,32
A - IPC Crime,"FORGERY (Sec. 465, 468, 471, 473, 476, 477 & 477(A) IPC",Organised (Racket),1,0,0,0
A - IPC Crime,"FORGERY (Sec. 465, 468, 471, 473, 476, 477 & 477(A) IPC",Forgery of Passport,2,0,0,1
A - IPC Crime,"FORGERY (Sec. 465, 468, 471, 473, 476, 477 & 477(A) IPC",Other Forgery,100,17,18,11
A - IPC Crime,"FORGERY (Sec. 465, 468, 471, 473, 476, 477 & 477(A) IPC",Acid Attack (326(a)),2,0,1,0
A - IPC Crime,"FORGERY (Sec. 465, 468, 471, 473, 476, 477 & 477(A) IPC",Attempt to Acid Attack (326(b)),2,1,0,0
A - IPC Crime,"FORGERY (Sec. 465, 468, 471, 473, 476, 477 & 477(A) IPC",Grievous Hurt,805,59,72,76
A - IPC Crime,"FORGERY (Sec. 465, 468, 471, 473, 476, 477 & 477(A) IPC",Simple Hurt,10167,946,986,1037
A - IPC Crime,"FORGERY (Sec. 465, 468, 471, 473, 476, 477 & 477(A) IPC",Custodial,1,0,0,0
A - IPC Crime,"ADULTERATION (Sec. 272, 273 to 276 IPC)",Attempt to Commit,0,0,0,0
A - IPC Crime,"ADULTERATION (Sec. 272, 273 to 276 IPC)",Alcoholic Drink (Liquor),2,0,1,0
A - IPC Crime,"ADULTERATION (Sec. 272, 273 to 276 IPC)",Cement & Chemical/Fertiliser,0,0,0,0
A - IPC Crime,"ADULTERATION (Sec. 272, 273 to 276 IPC)",Cosmetics,0,0,0,0
A - IPC Crime,"ADULTERATION (Sec. 272, 273 to 276 IPC)",Diesel,0,0,0,0
A - IPC Crime,"ADULTERATION (Sec. 272, 273 to 276 IPC)",Drug/Medicine,1,0,0,0
A - IPC Crime,"ADULTERATION (Sec. 272, 273 to 276 IPC)",Edible Oil,0,0,0,0
A - IPC Crime,"ADULTERATION (Sec. 272, 273 to 276 IPC)",Food Grain,0,0,0,0
A - IPC Crime,"ADULTERATION (Sec. 272, 273 to 276 IPC)",Kerosene,0,0,0,0
A - IPC Crime,"ADULTERATION (Sec. 272, 273 to 276 IPC)",Life Saving Drug,0,0,0,0
A - IPC Crime,"ADULTERATION (Sec. 272, 273 to 276 IPC)",Mobile Oil,0,0,0,0
A - IPC Crime,"ADULTERATION (Sec. 272, 273 to 276 IPC)",Petrol,0,0,0,0
A - IPC Crime,"ADULTERATION (Sec. 272, 273 to 276 IPC)",Petroleum Product,0,0,0,0
A - IPC Crime,"ADULTERATION (Sec. 272, 273 to 276 IPC)",Soft Drinks,0,0,0,0
A - IPC Crime,"ADULTERATION (Sec. 272, 273 to 276 IPC)",Spices,0,0,0,0
A - IPC Crime,"ADULTERATION (Sec. 272, 273 to 276 IPC)",Others,8,0,0,0
A - IPC Crime,AFFRAY (Sec. 160 IPC ),NA,279,16,44,36
A - IPC Crime,"ARSON (Sec. 435, 436, 438 IPC )",Agricultural Produce,38,2,0,1
A - IPC Crime,"ARSON (Sec. 435, 436, 438 IPC )",Attemp to Commit,4,1,1,0
A - IPC Crime,"ARSON (Sec. 435, 436, 438 IPC )",Boat / Ship,1,0,0,0
A - IPC Crime,"ARSON (Sec. 435, 436, 438 IPC )",Dwelling House,21,3,1,2
A - IPC Crime,"ARSON (Sec. 435, 436, 438 IPC )",Educational Institution,0,0,0,0
A - IPC Crime,"ARSON (Sec. 435, 436, 438 IPC )",Govt. Property,6,0,0,1
A - IPC Crime,"ARSON (Sec. 435, 436, 438 IPC )",Industrial Establishment,1,0,0,0
A - IPC Crime,"ARSON (Sec. 435, 436, 438 IPC )",Place of worship,1,1,0,0
A - IPC Crime,"ARSON (Sec. 435, 436, 438 IPC )",Public Place,15,0,1,2
A - IPC Crime,"ARSON (Sec. 435, 436, 438 IPC )",Railway Property,0,0,0,0
A - IPC Crime,"ARSON (Sec. 435, 436, 438 IPC )",Vital Installation,0,0,0,0
A - IPC Crime,"ARSON (Sec. 435, 436, 438 IPC )",Warehouse (Godown),2,0,0,1
A - IPC Crime,"ARSON (Sec. 435, 436, 438 IPC )",Others,101,7,7,9
A - IPC Crime,"ASSAULT (Sec 356, 357 IPC)",Attempt To Commit,3,1,0,0
A - IPC Crime,"ASSAULT (Sec 356, 357 IPC)",On Contractor,0,0,0,0
A - IPC Crime,"ASSAULT (Sec 356, 357 IPC)",On Domestic Servant,0,0,0,0
A - IPC Crime,"ASSAULT (Sec 356, 357 IPC)",On Labourer,1,0,0,0
A - IPC Crime,"ASSAULT (Sec 356, 357 IPC)",On Man (General),9,1,0,1
A - IPC Crime,"ASSAULT (Sec 356, 357 IPC)",On Man (SC),0,0,0,0
A - IPC Crime,"ASSAULT (Sec 356, 357 IPC)",On Man (ST),1,0,0,1
A - IPC Crime,"ASSAULT (Sec 356, 357 IPC)",On Manager/Executive (Other Than Public Servant),0,0,0,0
A - IPC Crime,"ASSAULT (Sec 356, 357 IPC)","On Member of Clergy (Christian, Budhist, Jain, Sikh)",0,0,0,0
A - IPC Crime,"ASSAULT (Sec 356, 357 IPC)",Member of Legislative Assembly / Council (MLA/MLC),0,0,0,0
A - IPC Crime,"ASSAULT (Sec 356, 357 IPC)",On Member of Parliament (MP),0,0,0,0
A - IPC Crime,"ASSAULT (Sec 356, 357 IPC)",On other Dignitaries /Public Figures,0,1,0,0
A - IPC Crime,"ASSAULT (Sec 356, 357 IPC)",On Press,0,0,0,0
A - IPC Crime,"ASSAULT (Sec 356, 357 IPC)",On Professional ,1,0,0,0
A - IPC Crime,"ASSAULT (Sec 356, 357 IPC)",On Public Servant,0,0,0,0
A - IPC Crime,"ASSAULT (Sec 356, 357 IPC)",On Student,0,0,0,0
A - IPC Crime,"ASSAULT (Sec 356, 357 IPC)",On Teacher,0,0,0,0
A - IPC Crime,"ASSAULT (Sec 356, 357 IPC)",On Women (General),2,0,0,0
A - IPC Crime,"ASSAULT (Sec 356, 357 IPC)",On Woman (SC),1,0,0,0
A - IPC Crime,"ASSAULT (Sec 356, 357 IPC)",On Woman (ST),0,0,0,0
A - IPC Crime,COMMUNAL / RELIGION (Sec. 295 to 297 IPC),Attempt to Commit,0,0,0,0
A - IPC Crime,COMMUNAL / RELIGION (Sec. 295 to 297 IPC),Caste Issue,9,1,1,2
A - IPC Crime,COMMUNAL / RELIGION (Sec. 295 to 297 IPC),Communal Issue,22,2,5,4
A - IPC Crime,COMMUNAL / RELIGION (Sec. 295 to 297 IPC),Linguistic Issue,1,0,0,0
A - IPC Crime,COMMUNAL / RELIGION (Sec. 295 to 297 IPC),Political Issue,2,0,0,2
A - IPC Crime,COMMUNAL / RELIGION (Sec. 295 to 297 IPC),Racial/Ethnic Issue,1,0,0,0
A - IPC Crime,COMMUNAL / RELIGION (Sec. 295 to 297 IPC),Regional Issue,13,1,3,4
A - IPC Crime,COMMUNAL / RELIGION (Sec. 295 to 297 IPC),Religious Issue,58,7,7,12
A - IPC Crime,COMMUNAL / RELIGION (Sec. 295 to 297 IPC),Sectarian Issue,0,0,0,0
A - IPC Crime,COMMUNAL / RELIGION (Sec. 295 to 297 IPC),Others,43,5,2,12
A - IPC Crime,"CRIMINAL CONSPIRACY (Sec. 120(B), 121(A) IPC)",Conspiracy To Wage War,0,0,0,0
A - IPC Crime,"CRIMINAL CONSPIRACY (Sec. 120(B), 121(A) IPC)",Related to Substantive Offence,4,0,1,0
A - IPC Crime,"CRIMINAL CONSPIRACY (Sec. 120(B), 121(A) IPC)",Others,16,4,2,1
A - IPC Crime,CRIMINAL INTIMIDATION (Sec. 504 to 508 IPC),NA,1477,142,166,162
A - IPC Crime,"CRIMINAL MISAPPROPRIATION (Sec. 403, 404 IPC)",Attempt to Commit,0,0,0,0
A - IPC Crime,"CRIMINAL MISAPPROPRIATION (Sec. 403, 404 IPC)",Bank,0,0,0,0
A - IPC Crime,"CRIMINAL MISAPPROPRIATION (Sec. 403, 404 IPC)",Business Establishment,1,0,0,1
A - IPC Crime,"CRIMINAL MISAPPROPRIATION (Sec. 403, 404 IPC)",Charitable Organisation,0,0,0,0
A - IPC Crime,"CRIMINAL MISAPPROPRIATION (Sec. 403, 404 IPC)",Chitfund Organisation,0,0,0,0
A - IPC Crime,"CRIMINAL MISAPPROPRIATION (Sec. 403, 404 IPC)",Co-operative Organisation,1,0,0,0
A - IPC Crime,"CRIMINAL MISAPPROPRIATION (Sec. 403, 404 IPC)",Commercial Establishment/Shop,0,0,0,0
A - IPC Crime,"CRIMINAL MISAPPROPRIATION (Sec. 403, 404 IPC)",Customs Department,0,0,0,0
A - IPC Crime,"CRIMINAL MISAPPROPRIATION (Sec. 403, 404 IPC)",Excise Department,0,0,0,0
A - IPC Crime,"CRIMINAL MISAPPROPRIATION (Sec. 403, 404 IPC)",Financial Institution,1,0,0,0
A - IPC Crime,"CRIMINAL MISAPPROPRIATION (Sec. 403, 404 IPC)",Income Tax Department,0,0,0,0
A - IPC Crime,"CRIMINAL MISAPPROPRIATION (Sec. 403, 404 IPC)",Other Government Organisation,1,0,0,1
A - IPC Crime,"CRIMINAL MISAPPROPRIATION (Sec. 403, 404 IPC)",Postal Department,0,0,0,0
A - IPC Crime,"CRIMINAL MISAPPROPRIATION (Sec. 403, 404 IPC)",Public Sector Undertakings,0,0,0,0
A - IPC Crime,"CRIMINAL MISAPPROPRIATION (Sec. 403, 404 IPC)",Railway Department,0,0,0,0
A - IPC Crime,"CRIMINAL MISAPPROPRIATION (Sec. 403, 404 IPC)",Revenue Department,0,0,0,0
A - IPC Crime,"CRIMINAL MISAPPROPRIATION (Sec. 403, 404 IPC)",Sales Tax Department,0,0,0,0
A - IPC Crime,"CRIMINAL MISAPPROPRIATION (Sec. 403, 404 IPC)",Social Organisation (Aided) (N),0,0,0,0
A - IPC Crime,"CRIMINAL MISAPPROPRIATION (Sec. 403, 404 IPC)",Transport Authority,0,0,0,0
A - IPC Crime,"CRIMINAL MISAPPROPRIATION (Sec. 403, 404 IPC)",Trust - Other than religious,0,0,0,0
A - IPC Crime,"CRIMINAL MISAPPROPRIATION (Sec. 403, 404 IPC)",Trust - Religious,0,0,0,0
A - IPC Crime,"CRIMINAL MISAPPROPRIATION (Sec. 403, 404 IPC)",Others,8,0,2,1
A - IPC Crime,CRIMINAL TRESPASS (Sec.447 to 452 IPC),Attempt to Commit,2,0,0,0
A - IPC Crime,CRIMINAL TRESPASS (Sec.447 to 452 IPC),Club,0,0,0,0
A - IPC Crime,CRIMINAL TRESPASS (Sec.447 to 452 IPC),Hostel,1,0,0,0
A - IPC Crime,CRIMINAL TRESPASS (Sec.447 to 452 IPC),Hotel,4,0,0,0
A - IPC Crime,CRIMINAL TRESPASS (Sec.447 to 452 IPC),House,351,30,36,41
A - IPC Crime,CRIMINAL TRESPASS (Sec.447 to 452 IPC),Land,789,73,90,84
A - IPC Crime,CRIMINAL TRESPASS (Sec.447 to 452 IPC),Office,35,2,4,4
A - IPC Crime,CRIMINAL TRESPASS (Sec.447 to 452 IPC),Prohibited Places,7,0,0,0
A - IPC Crime,CRIMINAL TRESPASS (Sec.447 to 452 IPC),Religious Place,5,0,0,1
A - IPC Crime,CRIMINAL TRESPASS (Sec.447 to 452 IPC),Restricted Area,8,1,2,1
A - IPC Crime,CRIMINAL TRESPASS (Sec.447 to 452 IPC),Others,123,16,11,14
A - IPC Crime,CRIMINAL TRESPASS (Sec.447 to 452 IPC),Husband ,617,68,79,77
A - IPC Crime,CRIMINAL TRESPASS (Sec.447 to 452 IPC),Husband And Relative(S) in Law,961,112,123,109
A - IPC Crime,CRIMINAL TRESPASS (Sec.447 to 452 IPC),Relative(S) in Law,30,3,4,2
A - IPC Crime,CRIMINAL TRESPASS (Sec.447 to 452 IPC),Dowry Harassment,267,31,44,52
A - IPC Crime,DOWRY DEATHS (Sec.304(B) IPC),By Husband  ,11,1,2,1
A - IPC Crime,DOWRY DEATHS (Sec.304(B) IPC),By Husband And Relatives In Law,55,4,3,7
A - IPC Crime,DOWRY DEATHS (Sec.304(B) IPC),By Relatives in Law,1,0,0,0
A - IPC Crime,DOWRY DEATHS (Sec.304(B) IPC),By Burning,3,0,0,1
A - IPC Crime,DOWRY DEATHS (Sec.304(B) IPC),By Hanging,58,5,3,12
A - IPC Crime,DOWRY DEATHS (Sec.304(B) IPC),By Other Means,10,1,0,0
A - IPC Crime,DEATHS DUE TO RASHNESS/NEGLIGENCE (Sec.304(A) IPC),Adulterated Food/Drug,0,0,0,0
A - IPC Crime,DEATHS DUE TO RASHNESS/NEGLIGENCE (Sec.304(A) IPC),Accident by Air,0,0,0,0
A - IPC Crime,DEATHS DUE TO RASHNESS/NEGLIGENCE (Sec.304(A) IPC),Boad Accident,1,0,0,0
A - IPC Crime,DEATHS DUE TO RASHNESS/NEGLIGENCE (Sec.304(A) IPC),Bridge/Dam Collapse,2,0,0,0
A - IPC Crime,DEATHS DUE TO RASHNESS/NEGLIGENCE (Sec.304(A) IPC),Building Collapse,1,0,0,0
A - IPC Crime,DEATHS DUE TO RASHNESS/NEGLIGENCE (Sec.304(A) IPC),Caused By Animal,3,0,0,0
A - IPC Crime,DEATHS DUE TO RASHNESS/NEGLIGENCE (Sec.304(A) IPC),Death Due to Other Cause,67,5,8,5
A - IPC Crime,DEATHS DUE TO RASHNESS/NEGLIGENCE (Sec.304(A) IPC),Electrocution Accident,40,7,6,2
A - IPC Crime,DEATHS DUE TO RASHNESS/NEGLIGENCE (Sec.304(A) IPC),Explosion Accident,1,1,0,0
A - IPC Crime,DEATHS DUE TO RASHNESS/NEGLIGENCE (Sec.304(A) IPC),Fire accident,2,0,0,0
A - IPC Crime,DEATHS DUE TO RASHNESS/NEGLIGENCE (Sec.304(A) IPC),Gas Leakage Accident,3,1,0,0
A - IPC Crime,DEATHS DUE TO RASHNESS/NEGLIGENCE (Sec.304(A) IPC),Improper Infrastucture In Construction,53,4,10,6
A - IPC Crime,DEATHS DUE TO RASHNESS/NEGLIGENCE (Sec.304(A) IPC),Improper Medical Treatment,2,1,0,0
A - IPC Crime,DEATHS DUE TO RASHNESS/NEGLIGENCE (Sec.304(A) IPC),In Custody of Public Servant,0,0,0,0
A - IPC Crime,DEATHS DUE TO RASHNESS/NEGLIGENCE (Sec.304(A) IPC),In Jail/Judicial Custody,0,0,0,0
A - IPC Crime,DEATHS DUE TO RASHNESS/NEGLIGENCE (Sec.304(A) IPC),In Police Custody,0,0,0,0
A - IPC Crime,DEATHS DUE TO RASHNESS/NEGLIGENCE (Sec.304(A) IPC),Industrial Accident (Factory),11,2,2,3
A - IPC Crime,DEATHS DUE TO RASHNESS/NEGLIGENCE (Sec.304(A) IPC),Inflammable Substance,0,0,0,0
A - IPC Crime,DEATHS DUE TO RASHNESS/NEGLIGENCE (Sec.304(A) IPC),Mine Accident,2,0,0,0
A - IPC Crime,DEATHS DUE TO RASHNESS/NEGLIGENCE (Sec.304(A) IPC),Poisonous Substance,1,0,0,0
A - IPC Crime,DEATHS DUE TO RASHNESS/NEGLIGENCE (Sec.304(A) IPC),Quarry Accident,1,0,0,0
A - IPC Crime,DEATHS DUE TO RASHNESS/NEGLIGENCE (Sec.304(A) IPC),Spurious Liquor (Hooch) Accident,0,0,0,0
A - IPC Crime,DEATHS DUE TO RASHNESS/NEGLIGENCE (Sec.304(A) IPC),Railway Accident,0,0,0,0
A - IPC Crime,DEATHS DUE TO RASHNESS/NEGLIGENCE (Sec.304(A) IPC),Others,47,8,4,2
A - IPC Crime,MOTOR VEHICLE ACCIDENTS FATAL (Sec.304(A) IPC),National Highways,2522,275,258,228
A - IPC Crime,MOTOR VEHICLE ACCIDENTS FATAL (Sec.304(A) IPC),State Highways,2123,220,200,201
A - IPC Crime,MOTOR VEHICLE ACCIDENTS FATAL (Sec.304(A) IPC),Other Roads,2817,276,248,255
A - IPC Crime,MOTOR VEHICLE ACCIDENTS FATAL (Sec.304(A) IPC),Other Places,119,7,9,10
A - IPC Crime,"MOTOR VEHICLE ACCIDENTS NON-FATAL (Sec.279, 337, 338 IPC)",National Highways,6682,723,703,710
A - IPC Crime,"MOTOR VEHICLE ACCIDENTS NON-FATAL (Sec.279, 337, 338 IPC)",State Highways,4815,536,485,534
A - IPC Crime,"MOTOR VEHICLE ACCIDENTS NON-FATAL (Sec.279, 337, 338 IPC)",Other Roads,8365,901,906,964
A - IPC Crime,"MOTOR VEHICLE ACCIDENTS NON-FATAL (Sec.279, 337, 338 IPC)",Other Places,310,28,39,22
A - IPC Crime,"DEATHS-MISCARRIAGE (Sec.312, 313, 314 IPC)",Child,3,1,0,0
A - IPC Crime,"DEATHS-MISCARRIAGE (Sec.312, 313, 314 IPC)",Woman,2,0,1,0
A - IPC Crime,"DEATHS-MISCARRIAGE (Sec.312, 313, 314 IPC)",Women and Child,1,0,0,0
A - IPC Crime,"DEATHS-MISCARRIAGE (Sec.312, 313, 314 IPC)",Air Force,0,0,0,0
A - IPC Crime,"DEATHS-MISCARRIAGE (Sec.312, 313, 314 IPC)",Army,1,0,0,0
A - IPC Crime,"DEATHS-MISCARRIAGE (Sec.312, 313, 314 IPC)",Navy,0,0,0,0
A - IPC Crime,"DEATHS-MISCARRIAGE (Sec.312, 313, 314 IPC)",From Jail Custody,6,1,1,0
A - IPC Crime,"DEATHS-MISCARRIAGE (Sec.312, 313, 314 IPC)",From Police Custody,12,1,2,0
A - IPC Crime,"DEATHS-MISCARRIAGE (Sec.312, 313, 314 IPC)",Others,9,2,0,3
A - IPC Crime,"IMPERSONATION (Sec.170, 171 IPC)",Attempt to Commit,2,2,0,0
A - IPC Crime,"IMPERSONATION (Sec.170, 171 IPC)",Non-Uniformed Authority,2,1,0,0
A - IPC Crime,"IMPERSONATION (Sec.170, 171 IPC)",Uniformed Authority,0,0,0,0
A - IPC Crime,"MISCHIEF (Sec.427 to 440 except 434, 435, 436, 438 IPC)","MISCHIEF (Sec.427 to 440 except 434, 435, 436, 438 IPC)",271,21,47,29
A - IPC Crime,MOLESTATION (Sec.354 IPC),Attempt to Commit,81,11,10,10
A - IPC Crime,MOLESTATION (Sec.354 IPC),Private Place,673,77,77,52
A - IPC Crime,MOLESTATION (Sec.354 IPC),Public Conveyance,13,2,1,2
A - IPC Crime,MOLESTATION (Sec.354 IPC),Public Place,1260,117,150,156
A - IPC Crime,MOLESTATION (Sec.354 IPC),Other Places,1994,183,196,212
A - IPC Crime,POISONING-PROFESSIONAL (Sec. 328 IPC),Attempt to Commit,5,0,1,0
A - IPC Crime,POISONING-PROFESSIONAL (Sec. 328 IPC),Fatal,0,0,0,0
A - IPC Crime,POISONING-PROFESSIONAL (Sec. 328 IPC),Non Fatal,4,2,0,1
A - IPC Crime,PORNOGRAPHY (Sec.292 to 294 IPC),Advertisement,0,0,0,0
A - IPC Crime,PORNOGRAPHY (Sec.292 to 294 IPC),Audio Tape,0,0,0,0
A - IPC Crime,PORNOGRAPHY (Sec.292 to 294 IPC),Book,0,0,0,0
A - IPC Crime,PORNOGRAPHY (Sec.292 to 294 IPC),Computer Software,0,0,0,0
A - IPC Crime,PORNOGRAPHY (Sec.292 to 294 IPC),Figures,0,0,0,0
A - IPC Crime,PORNOGRAPHY (Sec.292 to 294 IPC),Film (Blue),0,0,0,0
A - IPC Crime,PORNOGRAPHY (Sec.292 to 294 IPC),Painting,0,0,0,0
A - IPC Crime,PORNOGRAPHY (Sec.292 to 294 IPC),Pamphlet,0,0,0,0
A - IPC Crime,PORNOGRAPHY (Sec.292 to 294 IPC),Paper,0,0,0,0
A - IPC Crime,PORNOGRAPHY (Sec.292 to 294 IPC),Photography,1,0,0,1
A - IPC Crime,PORNOGRAPHY (Sec.292 to 294 IPC),Poster,0,0,0,0
A - IPC Crime,PORNOGRAPHY (Sec.292 to 294 IPC),Video Film(Blue),0,1,0,0
A - IPC Crime,PORNOGRAPHY (Sec.292 to 294 IPC),Others,4,0,0,0
A - IPC Crime,PUBLIC JUSTICE (Sec.213 to 215 IPC),NA,5,0,0,1
A - IPC Crime,PUBLIC NUISANCE (Sec.291 and 510 IPC),NA,28,0,7,6
A - IPC Crime,"PUBLIC SAFETY (Sec.269 to 271, 277, 283, 289 IPC)",NA,6606,74,212,138
A - IPC Crime,Attempt to Commit,NA,8,1,1,0
A - IPC Crime,Defence Personnel,NA,2,0,0,0
A - IPC Crime,Jail Personnel,NA,0,0,0,0
A - IPC Crime,Judicial Official,NA,10,0,0,1
A - IPC Crime,Minister,NA,0,0,0,0
A - IPC Crime,MLA,NA,0,0,0,0
A - IPC Crime,MP,NA,0,0,0,0
A - IPC Crime,Nationalised Bank Personnel,NA,2,0,0,0
A - IPC Crime,Other Elected Member,NA,1,0,0,1
A - IPC Crime,Other Enforcement Official,NA,7,0,2,0
A - IPC Crime,Other Govt. Official,NA,430,35,47,35
A - IPC Crime,Para Military Personnel,NA,2,0,1,0
A - IPC Crime,Police Personnel,NA,379,39,40,38
A - IPC Crime,Public Sector Undertaking Official,NA,104,7,9,9
A - IPC Crime,"OFFENCES BY PUBLIC SERVANTS (EXCEPT CORRUPTION) (Public servant is accused) (Sec.128, 139, 167, 218, 221, 222 IPC)",Defence Personnel,0,0,0,0
A - IPC Crime,"OFFENCES BY PUBLIC SERVANTS (EXCEPT CORRUPTION) (Public servant is accused) (Sec.128, 139, 167, 218, 221, 222 IPC)",Jail Personnel,0,0,0,0
A - IPC Crime,"OFFENCES BY PUBLIC SERVANTS (EXCEPT CORRUPTION) (Public servant is accused) (Sec.128, 139, 167, 218, 221, 222 IPC)",Judicial Official,0,0,0,0
A - IPC Crime,"OFFENCES BY PUBLIC SERVANTS (EXCEPT CORRUPTION) (Public servant is accused) (Sec.128, 139, 167, 218, 221, 222 IPC)",Minister,0,0,0,0
A - IPC Crime,"OFFENCES BY PUBLIC SERVANTS (EXCEPT CORRUPTION) (Public servant is accused) (Sec.128, 139, 167, 218, 221, 222 IPC)",MLA,0,0,0,0
A - IPC Crime,"OFFENCES BY PUBLIC SERVANTS (EXCEPT CORRUPTION) (Public servant is accused) (Sec.128, 139, 167, 218, 221, 222 IPC)",MP,0,0,0,0
A - IPC Crime,"OFFENCES BY PUBLIC SERVANTS (EXCEPT CORRUPTION) (Public servant is accused) (Sec.128, 139, 167, 218, 221, 222 IPC)",Nationalised Bank Personnel,0,0,0,0
A - IPC Crime,"OFFENCES BY PUBLIC SERVANTS (EXCEPT CORRUPTION) (Public servant is accused) (Sec.128, 139, 167, 218, 221, 222 IPC)",Other Elected Member,1,0,0,0
A - IPC Crime,"OFFENCES BY PUBLIC SERVANTS (EXCEPT CORRUPTION) (Public servant is accused) (Sec.128, 139, 167, 218, 221, 222 IPC)",Other Enforcement Official,0,0,0,0
A - IPC Crime,"OFFENCES BY PUBLIC SERVANTS (EXCEPT CORRUPTION) (Public servant is accused) (Sec.128, 139, 167, 218, 221, 222 IPC)",Other Govt. Official,4,0,0,0
A - IPC Crime,"OFFENCES BY PUBLIC SERVANTS (EXCEPT CORRUPTION) (Public servant is accused) (Sec.128, 139, 167, 218, 221, 222 IPC)",Para Military Personnel,0,0,0,0
A - IPC Crime,"OFFENCES BY PUBLIC SERVANTS (EXCEPT CORRUPTION) (Public servant is accused) (Sec.128, 139, 167, 218, 221, 222 IPC)",Police Personnel,0,0,0,0
A - IPC Crime,"OFFENCES BY PUBLIC SERVANTS (EXCEPT CORRUPTION) (Public servant is accused) (Sec.128, 139, 167, 218, 221, 222 IPC)",Public Sector Undertaking Official,1,0,0,0
A - IPC Crime,"OFFENCES BY PUBLIC SERVANTS (EXCEPT CORRUPTION) (Public servant is accused) (Sec.128, 139, 167, 218, 221, 222 IPC)",Others,0,0,0,0
A - IPC Crime,"NEGLIGENT ACT (Sec.280 to 289, 336 to 338 except 283 IPC)",Animal -Related,27,1,7,3
A - IPC Crime,"NEGLIGENT ACT (Sec.280 to 289, 336 to 338 except 283 IPC)",Boat/Vessel - Related,0,0,0,0
A - IPC Crime,"NEGLIGENT ACT (Sec.280 to 289, 336 to 338 except 283 IPC)",Explosive/Explosive Substances - Related,11,1,1,2
A - IPC Crime,"NEGLIGENT ACT (Sec.280 to 289, 336 to 338 except 283 IPC)",Inflammable Substance- Related ,9,1,2,2
A - IPC Crime,"NEGLIGENT ACT (Sec.280 to 289, 336 to 338 except 283 IPC)",Machinery - Related,88,8,6,9
A - IPC Crime,"NEGLIGENT ACT (Sec.280 to 289, 336 to 338 except 283 IPC)",Poisonous Substance - Related,9,1,3,1
A - IPC Crime,"NEGLIGENT ACT (Sec.280 to 289, 336 to 338 except 283 IPC)",Other - Related,542,37,78,59
A - IPC Crime,"NEGLIGENT ACT (Sec.280 to 289, 336 to 338 except 283 IPC)",Human - Related,193,15,42,25
A - IPC Crime,RECEIVING OF STOLEN PROPERTY (Sec.411 to 414 IPC),NA,1,0,0,0
A - IPC Crime,SEDITION (Sec. 124A IPC),Attempt to Commit,0,0,0,0
A - IPC Crime,SEDITION (Sec. 124A IPC),By Foreigner,0,0,0,0
A - IPC Crime,SEDITION (Sec. 124A IPC),By National,0,0,0,0
A - IPC Crime,SEDITION (Sec. 124A IPC),By National And Foreigner,0,0,0,0
A - IPC Crime,SEDITION (Sec. 124A IPC),Attempt to Commit,2,0,0,0
A - IPC Crime,SEDITION (Sec. 124A IPC),Office,3,0,0,0
A - IPC Crime,SEDITION (Sec. 124A IPC),Public Conveyance,0,0,0,0
A - IPC Crime,SEDITION (Sec. 124A IPC),Public Place,26,0,4,2
A - IPC Crime,SEDITION (Sec. 124A IPC),Other Places,27,2,3,3
A - IPC Crime,"SUICIDE (Sec.305, 306, 309 IPC)",Dowry,8,0,1,0
A - IPC Crime,"SUICIDE (Sec.305, 306, 309 IPC)",Abetment of Suicide,220,26,20,29
A - IPC Crime,"SUICIDE (Sec.305, 306, 309 IPC)",Other Reasons,250,18,24,29
A - IPC Crime,"SUICIDE (Sec.305, 306, 309 IPC)",Attempt to Commit suicide,94,8,17,6
A - IPC Crime,"SUICIDE (Sec.305, 306, 309 IPC)",Abetment  ,0,0,0,0
A - IPC Crime,"SUICIDE (Sec.305, 306, 309 IPC)",Animal  ,2,0,1,0
A - IPC Crime,"SUICIDE (Sec.305, 306, 309 IPC)",Attempt,0,0,0,0
A - IPC Crime,"SUICIDE (Sec.305, 306, 309 IPC)",Major - Man,4,0,0,2
A - IPC Crime,"SUICIDE (Sec.305, 306, 309 IPC)",Major - Woman,0,0,0,0
A - IPC Crime,"SUICIDE (Sec.305, 306, 309 IPC)",Minor - Boy,1,0,0,0
A - IPC Crime,"SUICIDE (Sec.305, 306, 309 IPC)",Minor - Girl,0,0,0,0
A - IPC Crime,WRONGFUL RESTRAINT/CONFINEMENT (Sec.341 to 348 IPC),Attempt to Commit,21,1,2,1
A - IPC Crime,WRONGFUL RESTRAINT/CONFINEMENT (Sec.341 to 348 IPC),To Extort Confession,2,0,1,0
A - IPC Crime,WRONGFUL RESTRAINT/CONFINEMENT (Sec.341 to 348 IPC),To Extort Property,16,0,1,1
A - IPC Crime,WRONGFUL RESTRAINT/CONFINEMENT (Sec.341 to 348 IPC),To settle Dispute,15,2,1,2
A - IPC Crime,WRONGFUL RESTRAINT/CONFINEMENT (Sec.341 to 348 IPC),Others,255,23,31,29
A - IPC Crime,"INFANTICIDE (Sec.315, 316 IPC)",Male,0,0,0,0
A - IPC Crime,"INFANTICIDE (Sec.315, 316 IPC)",Female,1,0,0,1
A - IPC Crime,OFFENCES RELATED TO MARRIAGE (Sec.493 to 498 IPC),NA,27,2,3,4
A - IPC Crime,"BUYING & SELLING MINOR FOR PROSTITUTION (Sec.372, 373 IPC)",NA,0,0,0,0
A - IPC Crime,DOCUMENTS & PROPERTY MARKS (Sec.483 to 489 IPC),Documents  ,0,0,0,0
A - IPC Crime,DOCUMENTS & PROPERTY MARKS (Sec.483 to 489 IPC),Property  ,0,0,0,0
A - IPC Crime,DEFAMATION (Sec.500 to 502 IPC),Persons ,4,0,1,0
A - IPC Crime,DEFAMATION (Sec.500 to 502 IPC),Printed Matter,1,0,0,0
A - IPC Crime,DEFAMATION (Sec.500 to 502 IPC),Others,4,0,0,0
A - IPC Crime,ELECTION(Sec.171(E) to 171(1) IPC),Assembly,34,5,0,14
A - IPC Crime,ELECTION(Sec.171(E) to 171(1) IPC),Parliament,0,0,0,0
A - IPC Crime,ELECTION(Sec.171(E) to 171(1) IPC),Other Elected Bodies,14,3,1,0
A - IPC Crime,"SLAVERY (Sec.370, 371, 374 IPC)",Man,0,0,0,0
A - IPC Crime,"SLAVERY (Sec.370, 371, 374 IPC)",Woman,5,0,1,0
A - IPC Crime,"SLAVERY (Sec.370, 371, 374 IPC)",Boy,2,0,1,0
A - IPC Crime,"SLAVERY (Sec.370, 371, 374 IPC)",Girl,0,0,0,0
A - IPC Crime,Attempting to commit offences (Sec.511 IPC),Attempting to commit offences,155,15,18,20
A - IPC Crime,ILLEGAL DETENTION (Sec.342 IPC),NA,0,0,0,0
A - IPC Crime,FALSE EVIDENCE (Sec.191 to 205 IPC),NA,8,1,0,1
A - IPC Crime,EXPOSURE AND ABANDONMENT OF CHILD (Sec.317 IPC),Boy ,23,5,6,2
A - IPC Crime,EXPOSURE AND ABANDONMENT OF CHILD (Sec.317 IPC),Girl,28,14,5,4
A - IPC Crime,OF ABETMENT (Sec.107 to 120 IPC),NA,4,0,0,0
A - IPC Crime,"FAILURE TO APPEAR TO COURT (Sec.174, 229A IPC)",174 A,13,0,2,1
A - IPC Crime,"FAILURE TO APPEAR TO COURT (Sec.174, 229A IPC)",229 A,157,0,15,20
A - IPC Crime,Concealment of birth by secret disposal of Child,Girl,16,3,2,3
A - IPC Crime,Concealment of birth by secret disposal of Child,Boy,20,1,3,1
A - IPC Crime,ASSAULT OR USE OF CRIMINAL FORCE TO DISROBE WOMEN,NA,4,1,2,0
A - IPC Crime,Disobedience to Order Promulgated by Public/Servant,By Private Institution,348,5,4,9
A - IPC Crime,Disobedience to Order Promulgated by Public/Servant,By Govt. Institution,18,0,0,0
A - IPC Crime,Disobedience to Order Promulgated by Public/Servant,By Others,111,1,4,0
A - IPC Crime,ANTIQUES (CULTURAL PROPERTY),Antiques & Art Treasures Act 1972,1,0,0,0
A - IPC Crime,ANTIQUES (CULTURAL PROPERTY),Ancient Monument & Archaelogical Sites And Remains Act 1958,4,0,0,1
A - IPC Crime,ARMS ACT 1959,Country Made - Non Prohibited Bore - In Disturbed Area,11,0,0,0
A - IPC Crime,ARMS ACT 1959,Country Made - Non Prohibited Bore - In Other Area,127,7,14,10
A - IPC Crime,ARMS ACT 1959,Country Made - Prohibited Bore - In Disturbed Area,7,0,2,1
A - IPC Crime,ARMS ACT 1959,Country Made - Prohibited Bore - In Other Area,99,3,9,9
A - IPC Crime,ARMS ACT 1959,Factory Made - Non Prohibited Bore - In Disturbed Area,2,0,1,0
A - IPC Crime,ARMS ACT 1959,Factory Made - Non Prohibited Bore - In Other Area,46,1,6,3
A - IPC Crime,ARMS ACT 1959,Factory Made - Prohibited Bore - In Disturbed Area,2,0,0,0
A - IPC Crime,ARMS ACT 1959,Factory Made - Prohibited Bore - In Other Area,41,5,6,5
A - IPC Crime,ANIMAL,Wild Life Preservation Act 1972,2,0,0,0
A - IPC Crime,ANIMAL,Wild Life Protection Act 1972,5,0,1,1
A - IPC Crime,ANIMAL,Prevention of Cruelty to Animals Act 1960,232,22,42,28
A - IPC Crime,ANIMAL,Elephant (Preservation) Act 1879,0,0,0,0
A - IPC Crime,ANIMAL,Cattle Tresspass Act 1871,20,1,2,3
A - IPC Crime,CINEMATOGRAPHY ACT 1952,Films,0,0,0,0
A - IPC Crime,CINEMATOGRAPHY ACT 1952,Video,0,0,0,0
A - IPC Crime,CONSUMER,Liquified Petroleum Gas Supply & Control Order 2000 ,14,4,0,1
A - IPC Crime,CONSUMER,Consumer (Protection) Act 1986,1,0,1,0
A - IPC Crime,CONSUMER,Essential Commodities Act 1955,393,55,40,60
A - IPC Crime,CONSUMER,Prevention of Food Adulternation Act 1954,4,1,0,2
A - IPC Crime,CONSUMER,Packaged Commodities (Regulation) order 1975,0,0,0,0
A - IPC Crime,COPY RIGHT ACT 1957,By Company,83,12,14,15
A - IPC Crime,COPY RIGHT ACT 1957,By Individual,43,5,5,5
A - IPC Crime,CIVIL RIGHTS,Protection of Civil Rights Act 1955,2,0,0,1
A - IPC Crime,SCHEDULED CASTE AND THE SCHEDULED TRIBES,Scheduled Caste  ,846,70,104,109
A - IPC Crime,SCHEDULED CASTE AND THE SCHEDULED TRIBES,Scheduled Tribes,183,13,15,26
A - IPC Crime,SCHEDULED CASTE AND THE SCHEDULED TRIBES,Scheduled Caste Women,321,35,36,35
A - IPC Crime,SCHEDULED CASTE AND THE SCHEDULED TRIBES,Scheduled Tribes Women,82,5,11,12
A - IPC Crime,CHILDREN ACT,Child Labour (Prohibition & Regulation) Act1986,43,16,2,2
A - IPC Crime,CHILDREN ACT,The Prohibition of Child Marriage Act - 2006,197,12,29,11
A - IPC Crime,CHILDREN ACT,Juvenile Justice Act 1986,58,3,3,6
A - IPC Crime,CHILDREN ACT,Probation of offenders Act 1958,3,0,0,1
A - IPC Crime,PREVENTION OF CORRUPTION ACT 1988,Public Servant - Elected,0,0,0,0
A - IPC Crime,PREVENTION OF CORRUPTION ACT 1988,Public Servant - Gazetted - Central,0,0,0,0
A - IPC Crime,PREVENTION OF CORRUPTION ACT 1988,Public Servant - Gazetted - Defence,0,0,0,0
A - IPC Crime,PREVENTION OF CORRUPTION ACT 1988,Public Servant - Gazetted - Public Sector Undertaking,0,0,0,0
A - IPC Crime,PREVENTION OF CORRUPTION ACT 1988,Public Servant - Gazetted - State,0,0,0,0
A - IPC Crime,PREVENTION OF CORRUPTION ACT 1988,Public Servant - Non-Gazetted - Central,0,0,0,0
A - IPC Crime,PREVENTION OF CORRUPTION ACT 1988,Public Servant - Non-Gazetted - Defence,0,0,0,0
A - IPC Crime,PREVENTION OF CORRUPTION ACT 1988,Public Servant - Non-Gazetted - State,0,0,0,0
A - IPC Crime,CUSTOMS,Customs Act 1962,0,0,0,0
A - IPC Crime,CUSTOMS,Import/Export (Control) Act 1947,0,0,0,0
A - IPC Crime,Explosives,Explosives Substances Act 1908,75,5,2,2
A - IPC Crime,Explosives,Explosives Act 1884,100,8,3,4
A - IPC Crime,Explosives,Inflammable Substance Act 1952,0,0,0,0
A - IPC Crime,FOREIGN EXCHANGE,Smugglers and Foreign Exchange Manipulator Act 1976,0,0,0,0
A - IPC Crime,FOREIGN EXCHANGE,Foreign Exchange Regulation Act 1973,0,0,0,0
A - IPC Crime,FOREIGN EXCHANGE,Foreign Exchange Regulation Act 1952,0,0,0,0
A - IPC Crime,FOREIGNER,Foreigners Act 1946,44,1,5,5
A - IPC Crime,FOREIGNER,Registration of Foreigners Act 1939,0,0,0,0
A - IPC Crime,FOREST,Indian Forest Act 1927,4,0,1,0
A - IPC Crime,FOREST,Forest (Conservation) Act 1980,8,0,2,0
A - IPC Crime,HIJACKING,Foreign Aircraft - In India,0,0,0,0
A - IPC Crime,HIJACKING,Foreign Aircraft - Outside India,0,0,0,0
A - IPC Crime,HIJACKING,Indian Aircraft - In India,0,0,0,0
A - IPC Crime,HIJACKING,Indian Aircraft - Outside India,0,0,0,0
A - IPC Crime,IMMORAL TRAFFIC,Organised,95,14,11,10
A - IPC Crime,IMMORAL TRAFFIC,Un-Organised,88,15,16,6
A - IPC Crime,BONDED LABOUR SYSTEM,NA,4,0,1,0
A - IPC Crime,INDIAN MOTOR VEHICLE,NA,10,2,1,3
A - IPC Crime,NARCOTIC DRUGS & PSYCHOTROPIC SUBSTANCES ACT,Cultivated/Processed,2619,217,242,223
A - IPC Crime,NARCOTIC DRUGS & PSYCHOTROPIC SUBSTANCES ACT,Synthetic,1947,128,190,240
A - IPC Crime,PASSPORT ACT,Foreigner,2,0,0,0
A - IPC Crime,PASSPORT ACT,Indian,20,1,1,3
A - IPC Crime,REPRESENTATIVE OF PEOPLE ACT 1951 & 1988,Assembly,15,4,0,9
A - IPC Crime,REPRESENTATIVE OF PEOPLE ACT 1951 & 1988,Parliament,3,0,0,0
A - IPC Crime,REPRESENTATIVE OF PEOPLE ACT 1951 & 1988,Other Elected Bodies,4,2,0,0
A - IPC Crime,KARNATAKA POLICE ACT 1963,Gambling - Matka (78 Class C),5550,604,617,405
A - IPC Crime,KARNATAKA POLICE ACT 1963,Street Gambling (87),6072,449,561,299
A - IPC Crime,KARNATAKA POLICE ACT 1963,House Gambling (79 & 80),242,30,35,17
A - IPC Crime,KARNATAKA POLICE ACT 1963,Betting ,440,270,62,143
A - IPC Crime,KARNATAKA POLICE ACT 1963,Others ,296,35,25,27
A - IPC Crime,PREVENTION OF DAMAGE TO PUBLIC PROPERTY ACT 1984,NA,175,7,11,7
A - IPC Crime,"POST & TELEGRAPH, TELEGRAPH WIRES (UNLAWFUL POSSESSION) ACT 1980",NA,1,0,0,0
A - IPC Crime,OFFICIAL SECURITY RELATED ACTS,Official Secrets Act 1923,0,0,0,0
A - IPC Crime,OFFICIAL SECURITY RELATED ACTS,Essential Services Maintenance Act 1981,32,0,0,1
A - IPC Crime,PREVENTION OF TERRORISM ACT (POTA),NA,0,0,0,0
A - IPC Crime,RAILWAYS ACT,Indian Railways Act 1989,7,0,3,1
A - IPC Crime,RAILWAYS ACT,Railway Property (Unlawful Possession) Act 1966,1,0,1,0
A - IPC Crime,RAILWAYS ACT,UNLAWFUL ACTIVITIES (Prevention) Act 1967,0,0,0,0
A - IPC Crime,CRIMES RELATED TO WOMEN,Dowry Prohibition,1472,163,184,168
A - IPC Crime,CRIMES RELATED TO WOMEN,Commission of SATI (Prevention) Act 1987,1,0,0,0
A - IPC Crime,CRIMES RELATED TO WOMEN,Indecent Representation of Women (Prohibition) Act 1986,1,0,0,0
A - IPC Crime,INDIAN LUNACY ACT,NA,0,0,0,0
A - IPC Crime,INDIAN ELECTRICITY ACT,NA,15,1,3,2
A - IPC Crime,"COTPA, CIGARETTES AND OTHER TOBACCO PRODUCTS",NA,189,21,30,27
A - IPC Crime,KARNATAKA STATE LOCAL ACTS,Karnataka Epidemic Deseases Act 2020,1740,0,41,12
A - IPC Crime,KARNATAKA STATE LOCAL ACTS,"The Karnataka Prevention of Dangerous Activities of Bootleggers, Drug-offenders, Gamblers, Goonda Act",0,0,0,0
A - IPC Crime,KARNATAKA STATE LOCAL ACTS,Karnataka Cow Slaughters Act,470,45,35,47
A - IPC Crime,KARNATAKA STATE LOCAL ACTS,Disaster Management Act 2005,1252,0,18,4
A - IPC Crime,KARNATAKA STATE LOCAL ACTS,Karnataka Excise Act 1965,6507,479,545,498
A - IPC Crime,KARNATAKA STATE LOCAL ACTS,Karnataka Forest Act 1963,49,8,10,7
A - IPC Crime,KARNATAKA STATE LOCAL ACTS,Karnataka Education Act 1983 As Amended Upto Date,6,1,0,0
A - IPC Crime,KARNATAKA STATE LOCAL ACTS,Karnataka Kerosene Restriction Unuse Act 1956,1,0,0,0
A - IPC Crime,KARNATAKA STATE LOCAL ACTS,Karnataka University Act,0,0,0,0
A - IPC Crime,KARNATAKA STATE LOCAL ACTS,Karnataka Corruption Act,2,0,0,0
A - IPC Crime,KARNATAKA STATE LOCAL ACTS,Karnataka Medical Registration Act 1965,7,0,1,0
A - IPC Crime,KARNATAKA STATE LOCAL ACTS,Karnataka Land & Revenue Acdt 1964 & 2007,56,48,5,1
A - IPC Crime,KARNATAKA STATE LOCAL ACTS,Karnataka Kerosene Dealers License Order 1969,0,0,0,0
A - IPC Crime,KARNATAKA STATE LOCAL ACTS,Karnataka Society Registration Act,0,0,0,0
A - IPC Crime,KARNATAKA STATE LOCAL ACTS,Karnataka Minor Mineral Consistent Rule 1994,59,4,3,1
A - IPC Crime,KARNATAKA STATE LOCAL ACTS,Bangalore Development Authority Act,3,0,0,0
A - IPC Crime,KARNATAKA STATE LOCAL ACTS,Karnataka Prohibition of Beggery Act 1975,1,0,0,0
A - IPC Crime,KARNATAKA STATE LOCAL ACTS,Karnataka Municipalities Act 1964,1,0,0,0
A - IPC Crime,KARNATAKA STATE LOCAL ACTS,Karnataka Irrigation Act 1963,2,0,0,0
A - IPC Crime,KARNATAKA STATE LOCAL ACTS,Karnataka Fire Force act 1964,4,0,1,0
A - IPC Crime,KARNATAKA STATE LOCAL ACTS,Karnataka Consumer Protection Act 1986,1,0,0,0
A - IPC Crime,KARNATAKA STATE LOCAL ACTS,Karnataka Lottery Act,13,1,0,2
A - IPC Crime,KARNATAKA STATE LOCAL ACTS,Karnataka Weight & Measurement Act,0,0,0,0
A - IPC Crime,KARNATAKA STATE LOCAL ACTS,Karnataka Agriculture Marketing Regulation Act,1,0,0,0
A - IPC Crime,KARNATAKA STATE LOCAL ACTS,Karnataka Revenue Act,3,2,0,0
A - IPC Crime,KARNATAKA STATE LOCAL ACTS,Karnataka Mining Act,5,0,2,1
A - IPC Crime,KARNATAKA STATE LOCAL ACTS,Karnataka Land Reforms Act 1961,3,0,0,0
A - IPC Crime,KARNATAKA STATE LOCAL ACTS,Karnataka Cooperative Society Act 1959,1,0,0,0
A - IPC Crime,KARNATAKA STATE LOCAL ACTS,Karnataka Prohibition of charging Exorbitant Interest Act 2004,18,0,0,1
A - IPC Crime,KARNATAKA STATE LOCAL ACTS,Karnataka Protection of Interest of Depositors in Financial Establishments Act 2004,1,0,0,1
A - IPC Crime,KARNATAKA STATE LOCAL ACTS,Karnataka Police Act,30,0,0,0
A - IPC Crime,KARNATAKA STATE LOCAL ACTS,Karnataka Motor Vehicle Act,10,0,0,0
A - IPC Crime,KARNATAKA STATE LOCAL ACTS,Karnataka Forest Act,4,0,0,0
A - IPC Crime,KARNATAKA STATE LOCAL ACTS,Karnataka Excise Act,14,0,0,0
A - IPC Crime,KARNATAKA STATE LOCAL ACTS,Karnataka Municipalities Act,2,0,0,0
A - IPC Crime,KARNATAKA STATE LOCAL ACTS,Karnataka Town And Country Planning Act,1,0,0,0
A - IPC Crime,KARNATAKA STATE LOCAL ACTS,Karnataka Industrial Areas Development Act,1,0,0,0
A - IPC Crime,KARNATAKA STATE LOCAL ACTS,Karnataka Land Revenue Act,1,0,0,0
A - IPC Crime,KARNATAKA STATE LOCAL ACTS,Karnataka Rent Act,1,0,0,0
A - IPC Crime,KARNATAKA STATE LOCAL ACTS,Karnataka Stamp Act,1,0,0,0
A - IPC Crime,KARNATAKA STATE LOCAL ACTS,Karnataka Sales Tax Act,0,0,0,0
A - IPC Crime,KARNATAKA STATE LOCAL ACTS,Karnataka Agricultural Income Tax Act,0,0,0,0
A - IPC Crime,KARNATAKA STATE LOCAL ACTS,Karnataka Tax on entry of goods Act,0,0,0,0
A - IPC Crime,KARNATAKA STATE LOCAL ACTS,Karnataka Tax on Luxuries Act,0,0,0,0
A - IPC Crime,KARNATAKA STATE LOCAL ACTS,Karnataka Entertainments Tax Act,0,0,0,0
A - IPC Crime,KARNATAKA STATE LOCAL ACTS,Karnataka Tax on Profession Trade Callings and Employments Act,0,0,0,0
A - IPC Crime,KARNATAKA STATE LOCAL ACTS,Karnataka Motor Vehicles Taxation Act,0,0,0,0
A - IPC Crime,KARNATAKA STATE LOCAL ACTS,Karnataka Electricity Duty Act,0,0,0,0
A - IPC Crime,KARNATAKA STATE LOCAL ACTS,Karnataka Agricultural Produce Marketing Regulation Act,0,0,0,0
A - IPC Crime,KARNATAKA STATE LOCAL ACTS,Karnataka Co-operative Societies Act,0,0,0,0
A - IPC Crime,KARNATAKA STATE LOCAL ACTS,Karnataka Land Reforms Act,0,0,0,0
A - IPC Crime,KARNATAKA STATE LOCAL ACTS,Karnataka Secondary Education Examination Board Act,0,0,0,0
A - IPC Crime,KARNATAKA STATE LOCAL ACTS,Karnataka Secondary Education Act,0,0,0,0
A - IPC Crime,KARNATAKA STATE LOCAL ACTS,Karnataka State Open University Act,0,0,0,0
A - IPC Crime,KARNATAKA STATE LOCAL ACTS,Karnataka State Higher Education Council Act,0,0,0,0
A - IPC Crime,KARNATAKA STATE LOCAL ACTS,Karnataka State Civil Services Act,0,0,0,0
A - IPC Crime,KARNATAKA STATE LOCAL ACTS,Karnataka Lokayukta Act,0,0,0,0
A - IPC Crime,KARNATAKA STATE LOCAL ACTS,Karnataka State Servants (Determination of Age) Act,0,0,0,0
A - IPC Crime,KARNATAKA STATE LOCAL ACTS,Karnataka Civil Services (Prevention of Strikes) Act,0,0,0,0
A - IPC Crime,KARNATAKA STATE LOCAL ACTS,Karnataka State Civil Services (Special Recruitment) Act,0,0,0,0
A - IPC Crime,KARNATAKA STATE LOCAL ACTS,Karnataka State Civil Services (Recruitment to ministerial posts) Act,0,0,0,0
A - IPC Crime,KARNATAKA STATE LOCAL ACTS,Karnataka State Civil Services (General Recruitment) Rules,0,0,0,0
A - IPC Crime,KARNATAKA STATE LOCAL ACTS,Karnataka Civil Services (Classification Control and Appeal) Rules,0,0,0,0
A - IPC Crime,KARNATAKA STATE LOCAL ACTS,Karnataka Civil Services (Conduct) Rules,0,0,0,0
A - IPC Crime,KARNATAKA STATE LOCAL ACTS,Karnataka Civil Services (Medical Attendance) Rules,0,0,0,0
A - IPC Crime,KARNATAKA STATE LOCAL ACTS,Karnataka Civil Services (Travelling Allowance) Rules,0,0,0,0
A - IPC Crime,KARNATAKA STATE LOCAL ACTS,Karnataka Civil Services (Performance Reports) Rules,0,0,0,0
A - IPC Crime,KARNATAKA STATE LOCAL ACTS,Karnataka Civil Services (Confidential Reports) Rules,0,0,0,0
A - IPC Crime,KARNATAKA STATE LOCAL ACTS,Karnataka Civil Services (LTC) Rules,0,0,0,0
A - IPC Crime,KARNATAKA STATE LOCAL ACTS,Karnataka Civil Services (Pension) Rules,0,0,0,0
A - IPC Crime,KARNATAKA STATE LOCAL ACTS,Karnataka Civil Services (Commutation of Pension) Rules,0,0,0,0
A - IPC Crime,KARNATAKA STATE LOCAL ACTS,Karnataka Civil Services (Compassionate Appointment) Rules,0,0,0,0
A - IPC Crime,KARNATAKA STATE LOCAL ACTS,Karnataka Civil Services (Appointment on compassionate grounds) Rules,0,0,0,0
A - IPC Crime,KARNATAKA STATE LOCAL ACTS,Karnataka Civil Services (Recruitment of Gazetted Probationers) Rules,0,0,0,0
A - IPC Crime,KARNATAKA STATE LOCAL ACTS,Karnataka Civil Services (Special Recruitment of scheduled castes and scheduled tribes) Rules,0,0,0,0
A - IPC Crime,KARNATAKA STATE LOCAL ACTS,Karnataka Civil Services (Recruitment to group D posts) Rules,0,0,0,0
A - IPC Crime,KARNATAKA STATE LOCAL ACTS,Karnataka Civil Services (Recruitment of local candidates) Rules,0,0,0,0
A - IPC Crime,KARNATAKA STATE LOCAL ACTS,Karnataka Civil Services (Recruitment of physically handicapped persons) Rules,0,0,0,0
A - IPC Crime,KARNATAKA STATE LOCAL ACTS,Karnataka Civil Services (Recruitment of ex-servicemen) Rules,0,0,0,0
A - IPC Crime,KARNATAKA STATE LOCAL ACTS,Karnataka Civil Services (Recruitment of rural candidates) Rules,0,0,0,0
A - IPC Crime,KARNATAKA STATE LOCAL ACTS,Karnataka Civil Services (Recruitment of project displaced persons) Rules,0,0,0,0
A - IPC Crime,KARNATAKA STATE LOCAL ACTS,Karnataka Civil Services (Recruitment of kannada medium candidates) Rules,0,0,0,0
A - IPC Crime,KARNATAKA STATE LOCAL ACTS,Karnataka Civil Services (Recruitment of sports persons) Rules,0,0,0,0
A - IPC Crime,KARNATAKA STATE LOCAL ACTS,Karnataka Civil Services (General Recruitment) Act,0,0,0,0
A - IPC Crime,KARNATAKA STATE LOCAL ACTS,Karnataka Civil Services (Validation of appointments) Act,0,0,0,0
A - IPC Crime,KARNATAKA STATE LOCAL ACTS,Karnataka Civil Services (Validation of selection) Act,0,0,0,0
A - IPC Crime,KARNATAKA STATE LOCAL ACTS,Karnataka State Civil Services (Regulation of pay scale of teachers in private colleges) Act,0,0,0,0
A - IPC Crime,KARNATAKA STATE LOCAL ACTS,Karnataka State Civil Services (Regulation of pay scale of teachers in private schools) Act,0,0,0,0
A - IPC Crime,KARNATAKA STATE LOCAL ACTS,Karnataka State Civil Services (Regulation of pay scale of teachers in aided institutions) Act,0,0,0,0
A - IPC Crime,KARNATAKA STATE LOCAL ACTS,Karnataka State Civil Services (Regulation of pay scale of employees in aided institutions) Act,0,0,0,0
A - IPC Crime,KARNATAKA STATE LOCAL ACTS,Karnataka State Civil Services (Regulation of pay scale of employees in private institutions) Act,0,0,0,0
A - IPC Crime,KARNATAKA STATE LOCAL ACTS,Others,128,10,12,14
